key_date,day,month,year,key_season
1,2010-08-28,2010-08,2010,1
2,2010-08-29,2010-08,2010,1
3,2010-08-30,2010-08,2010,1
4,2010-09-11,2010-09,2010,1
5,2010-09-12,2010-09,2010,1
6,2010-09-13,2010-09,2010,1
7,2010-09-18,2010-09,2010,1
8,2010-09-19,2010-09,2010,1
9,2010-09-20,2010-09,2010,1
10,2010-09-21,2010-09,2010,1
11,2010-09-22,2010-09,2010,1
12,2010-09-23,2010-09,2010,1
13,2010-09-25,2010-09,2010,1
14,2010-09-26,2010-09,2010,1
15,2010-09-27,2010-09,2010,1
16,2010-10-02,2010-10,2010,1
17,2010-10-03,2010-10,2010,1
18,2010-10-16,2010-10,2010,1
19,2010-10-17,2010-10,2010,1
20,2010-10-18,2010-10,2010,1
21,2010-10-23,2010-10,2010,1
22,2010-10-24,2010-10,2010,1
23,2010-10-25,2010-10,2010,1
24,2010-10-30,2010-10,2010,1
25,2010-10-31,2010-10,2010,1
26,2010-11-01,2010-11,2010,1
27,2010-11-06,2010-11,2010,1
28,2010-11-07,2010-11,2010,1
29,2011-01-16,2011-01,2011,1
30,2010-11-08,2010-11,2010,1
31,2010-11-13,2010-11,2010,1
32,2010-11-14,2010-11,2010,1
33,2010-11-20,2010-11,2010,1
34,2010-11-21,2010-11,2010,1
35,2010-11-22,2010-11,2010,1
36,2010-11-27,2010-11,2010,1
37,2010-11-28,2010-11,2010,1
38,2010-11-29,2010-11,2010,1
39,2010-12-04,2010-12,2010,1
40,2010-12-05,2010-12,2010,1
41,2010-12-06,2010-12,2010,1
42,2010-12-11,2010-12,2010,1
43,2010-12-12,2010-12,2010,1
44,2010-12-13,2010-12,2010,1
45,2010-12-18,2010-12,2010,1
46,2010-12-19,2010-12,2010,1
47,2010-12-20,2010-12,2010,1
48,2011-01-02,2011-01,2011,1
49,2011-01-03,2011-01,2011,1
50,2011-01-08,2011-01,2011,1
51,2011-01-09,2011-01,2011,1
52,2011-01-10,2011-01,2011,1
53,2011-01-15,2011-01,2011,1
54,2011-01-17,2011-01,2011,1
55,2011-01-22,2011-01,2011,1
56,2011-01-23,2011-01,2011,1
57,2011-01-24,2011-01,2011,1
58,2011-01-29,2011-01,2011,1
59,2011-01-30,2011-01,2011,1
60,2011-01-31,2011-01,2011,1
61,2011-02-05,2011-02,2011,1
62,2011-02-06,2011-02,2011,1
63,2011-02-12,2011-02,2011,1
64,2011-02-13,2011-02,2011,1
65,2011-02-14,2011-02,2011,1
66,2011-02-19,2011-02,2011,1
67,2011-02-20,2011-02,2011,1
68,2011-02-21,2011-02,2011,1
69,2011-02-26,2011-02,2011,1
70,2011-02-27,2011-02,2011,1
71,2011-02-28,2011-02,2011,1
72,2011-03-01,2011-03,2011,1
73,2011-03-02,2011-03,2011,1
74,2011-03-03,2011-03,2011,1
75,2011-03-05,2011-03,2011,1
76,2011-03-06,2011-03,2011,1
77,2011-03-07,2011-03,2011,1
78,2011-03-12,2011-03,2011,1
79,2011-03-13,2011-03,2011,1
80,2011-03-14,2011-03,2011,1
81,2011-03-19,2011-03,2011,1
82,2011-03-20,2011-03,2011,1
83,2011-04-02,2011-04,2011,1
84,2011-04-03,2011-04,2011,1
85,2011-04-04,2011-04,2011,1
86,2011-04-09,2011-04,2011,1
87,2011-04-10,2011-04,2011,1
88,2011-04-11,2011-04,2011,1
89,2011-04-16,2011-04,2011,1
90,2011-04-17,2011-04,2011,1
91,2011-04-18,2011-04,2011,1
92,2011-04-23,2011-04,2011,1
93,2011-04-24,2011-04,2011,1
94,2011-04-25,2011-04,2011,1
95,2011-04-30,2011-04,2011,1
96,2011-05-01,2011-05,2011,1
97,2011-05-02,2011-05,2011,1
98,2011-05-07,2011-05,2011,1
99,2011-05-08,2011-05,2011,1
100,2011-05-10,2011-05,2011,1
101,2011-05-11,2011-05,2011,1
102,2011-05-15,2011-05,2011,1
103,2011-05-21,2011-05,2011,1
104,2010-08-23,2010-08,2010,1
105,2010-08-14,2010-08,2010,1
106,2010-08-15,2010-08,2010,1
107,2010-08-16,2010-08,2010,1
108,2010-08-21,2010-08,2010,1
109,2010-08-22,2010-08,2010,1
110,2010-11-09,2010-11,2010,1
111,2010-11-10,2010-11,2010,1
112,2011-01-25,2011-01,2011,1
113,2011-01-26,2011-01,2011,1
114,2011-02-15,2011-02,2011,1
115,2011-02-22,2011-02,2011,1
116,2011-02-23,2011-02,2011,1
117,2010-12-26,2010-12,2010,1
118,2010-12-27,2010-12,2010,1
119,2011-01-12,2011-01,2011,1
120,2011-03-09,2011-03,2011,1
121,2010-12-28,2010-12,2010,1
122,2010-12-29,2010-12,2010,1
123,2011-01-01,2011-01,2011,1
124,2011-01-04,2011-01,2011,1
125,2011-01-05,2011-01,2011,1
126,2011-02-01,2011-02,2011,1
127,2011-02-02,2011-02,2011,1
128,2011-04-20,2011-04,2011,1
129,2011-04-19,2011-04,2011,1
130,2011-04-26,2011-04,2011,1
131,2011-04-27,2011-04,2011,1
132,2011-05-09,2011-05,2011,1
133,2011-05-14,2011-05,2011,1
134,2011-05-17,2011-05,2011,1
135,2011-05-22,2011-05,2011,1
136,2010-08-20,2010-08,2010,1
137,2010-08-27,2010-08,2010,1
138,2010-09-10,2010-09,2010,1
139,2010-09-17,2010-09,2010,1
140,2010-09-24,2010-09,2010,1
141,2010-10-01,2010-10,2010,1
142,2010-10-15,2010-10,2010,1
143,2010-10-22,2010-10,2010,1
144,2010-10-29,2010-10,2010,1
145,2010-11-05,2010-11,2010,1
146,2010-11-12,2010-11,2010,1
147,2010-11-26,2010-11,2010,1
148,2010-12-03,2010-12,2010,1
149,2010-12-10,2010-12,2010,1
150,2010-12-17,2010-12,2010,1
151,2011-01-14,2011-01,2011,1
152,2011-01-21,2011-01,2011,1
153,2011-01-28,2011-01,2011,1
154,2011-02-04,2011-02,2011,1
155,2011-02-16,2011-02,2011,1
156,2011-02-18,2011-02,2011,1
157,2011-02-25,2011-02,2011,1
158,2011-03-04,2011-03,2011,1
159,2011-03-11,2011-03,2011,1
160,2011-03-18,2011-03,2011,1
161,2011-04-01,2011-04,2011,1
162,2011-04-08,2011-04,2011,1
163,2011-04-15,2011-04,2011,1
164,2011-04-21,2011-04,2011,1
165,2011-04-29,2011-04,2011,1
166,2010-08-07,2010-08,2010,1
167,2010-08-08,2010-08,2010,1
168,2010-08-17,2010-08,2010,1
169,2010-11-02,2010-11,2010,1
170,2010-12-01,2010-12,2010,1
171,2010-11-30,2010-11,2010,1
172,2011-01-19,2011-01,2011,1
173,2010-12-21,2010-12,2010,1
174,2010-12-22,2010-12,2010,1
175,2011-05-16,2011-05,2011,1
176,2011-05-18,2011-05,2011,1
177,2011-05-29,2011-05,2011,1
178,2010-11-11,2010-11,2010,1
179,2010-12-08,2010-12,2010,1
180,2011-01-06,2011-01,2011,1
181,2011-02-03,2011-02,2011,1
182,2012-03-17,2012-03,2012,2
183,2012-01-21,2012-01,2012,2
184,2012-01-22,2012-01,2012,2
185,2012-01-23,2012-01,2012,2
186,2011-08-27,2011-08,2011,2
187,2011-08-28,2011-08,2011,2
188,2011-08-29,2011-08,2011,2
189,2011-09-10,2011-09,2011,2
190,2011-09-11,2011-09,2011,2
191,2011-09-12,2011-09,2011,2
192,2011-09-17,2011-09,2011,2
193,2011-09-18,2011-09,2011,2
194,2011-09-20,2011-09,2011,2
195,2011-09-21,2011-09,2011,2
196,2011-09-22,2011-09,2011,2
197,2011-09-24,2011-09,2011,2
198,2011-09-25,2011-09,2011,2
199,2011-11-05,2011-11,2011,2
200,2011-09-26,2011-09,2011,2
201,2011-10-01,2011-10,2011,2
202,2011-10-02,2011-10,2011,2
203,2011-10-15,2011-10,2011,2
204,2011-10-16,2011-10,2011,2
205,2011-10-29,2011-10,2011,2
206,2011-10-17,2011-10,2011,2
207,2011-10-22,2011-10,2011,2
208,2011-10-23,2011-10,2011,2
209,2011-10-25,2011-10,2011,2
210,2011-10-26,2011-10,2011,2
211,2011-10-27,2011-10,2011,2
212,2011-10-30,2011-10,2011,2
213,2011-10-31,2011-10,2011,2
214,2011-11-06,2011-11,2011,2
215,2011-11-19,2011-11,2011,2
216,2011-11-20,2011-11,2011,2
217,2011-11-21,2011-11,2011,2
218,2011-12-07,2011-12,2011,2
219,2011-11-26,2011-11,2011,2
220,2011-11-27,2011-11,2011,2
221,2011-11-28,2011-11,2011,2
222,2011-12-03,2011-12,2011,2
223,2011-12-04,2011-12,2011,2
224,2011-12-05,2011-12,2011,2
225,2011-12-10,2011-12,2011,2
226,2011-12-11,2011-12,2011,2
227,2011-11-29,2011-11,2011,2
228,2011-12-17,2011-12,2011,2
229,2011-12-18,2011-12,2011,2
230,2012-01-07,2012-01,2012,2
231,2012-01-08,2012-01,2012,2
232,2012-01-14,2012-01,2012,2
233,2012-01-15,2012-01,2012,2
234,2012-05-01,2012-05,2012,2
235,2012-05-02,2012-05,2012,2
236,2012-01-28,2012-01,2012,2
237,2012-01-29,2012-01,2012,2
238,2012-01-30,2012-01,2012,2
239,2012-02-04,2012-02,2012,2
240,2012-02-05,2012-02,2012,2
241,2012-02-06,2012-02,2012,2
242,2012-02-11,2012-02,2012,2
243,2012-02-12,2012-02,2012,2
244,2012-02-13,2012-02,2012,2
245,2012-02-18,2012-02,2012,2
246,2012-02-19,2012-02,2012,2
247,2012-02-20,2012-02,2012,2
248,2012-02-25,2012-02,2012,2
249,2012-02-26,2012-02,2012,2
250,2012-03-03,2012-03,2012,2
251,2012-03-04,2012-03,2012,2
252,2012-03-05,2012-03,2012,2
253,2012-03-10,2012-03,2012,2
254,2012-03-11,2012-03,2012,2
255,2012-03-12,2012-03,2012,2
256,2012-03-18,2012-03,2012,2
257,2012-03-19,2012-03,2012,2
258,2012-03-20,2012-03,2012,2
259,2012-03-21,2012-03,2012,2
260,2012-03-22,2012-03,2012,2
261,2012-03-24,2012-03,2012,2
262,2012-03-25,2012-03,2012,2
263,2012-03-26,2012-03,2012,2
264,2012-03-31,2012-03,2012,2
265,2012-04-01,2012-04,2012,2
266,2012-04-02,2012-04,2012,2
267,2012-04-07,2012-04,2012,2
268,2012-04-08,2012-04,2012,2
269,2012-04-09,2012-04,2012,2
270,2012-04-10,2012-04,2012,2
271,2012-04-11,2012-04,2012,2
272,2012-04-12,2012-04,2012,2
273,2012-04-14,2012-04,2012,2
274,2012-04-15,2012-04,2012,2
275,2012-04-16,2012-04,2012,2
276,2012-04-21,2012-04,2012,2
277,2012-04-22,2012-04,2012,2
278,2012-04-23,2012-04,2012,2
279,2012-04-28,2012-04,2012,2
280,2012-04-29,2012-04,2012,2
281,2012-05-05,2012-05,2012,2
282,2012-05-12,2012-05,2012,2
283,2012-05-13,2012-05,2012,2
284,2011-08-13,2011-08,2011,2
285,2011-08-14,2011-08,2011,2
286,2011-08-15,2011-08,2011,2
287,2012-01-11,2012-01,2012,2
288,2011-08-20,2011-08,2011,2
289,2011-08-21,2011-08,2011,2
290,2011-08-22,2011-08,2011,2
291,2011-12-12,2011-12,2011,2
292,2011-12-20,2011-12,2011,2
293,2011-12-21,2011-12,2011,2
294,2011-12-22,2011-12,2011,2
295,2011-12-26,2011-12,2011,2
296,2011-12-27,2011-12,2011,2
297,2011-12-30,2011-12,2011,2
298,2011-12-31,2011-12,2011,2
299,2012-01-01,2012-01,2012,2
300,2012-01-02,2012-01,2012,2
301,2012-01-03,2012-01,2012,2
302,2012-01-04,2012-01,2012,2
303,2012-01-16,2012-01,2012,2
304,2012-01-31,2012-01,2012,2
305,2012-02-01,2012-02,2012,2
306,2012-03-13,2012-03,2012,2
307,2012-04-24,2012-04,2012,2
308,2012-04-06,2012-04,2012,2
309,2012-04-30,2012-04,2012,2
310,2012-05-06,2012-05,2012,2
311,2012-05-07,2012-05,2012,2
312,2012-05-08,2012-05,2012,2
313,2011-08-05,2011-08,2011,2
314,2011-08-06,2011-08,2011,2
315,2011-08-07,2011-08,2011,2
316,2011-08-19,2011-08,2011,2
317,2011-08-26,2011-08,2011,2
318,2011-09-09,2011-09,2011,2
319,2011-09-16,2011-09,2011,2
320,2011-09-23,2011-09,2011,2
321,2011-09-30,2011-09,2011,2
322,2011-10-14,2011-10,2011,2
323,2011-10-21,2011-10,2011,2
324,2011-10-28,2011-10,2011,2
325,2011-11-04,2011-11,2011,2
326,2011-11-18,2011-11,2011,2
327,2011-12-13,2011-12,2011,2
328,2011-11-25,2011-11,2011,2
329,2011-12-02,2011-12,2011,2
330,2011-12-09,2011-12,2011,2
331,2011-12-16,2011-12,2011,2
332,2012-01-20,2012-01,2012,2
333,2012-01-27,2012-01,2012,2
334,2012-02-03,2012-02,2012,2
335,2012-02-10,2012-02,2012,2
336,2012-02-17,2012-02,2012,2
337,2012-02-24,2012-02,2012,2
338,2012-03-09,2012-03,2012,2
339,2012-03-16,2012-03,2012,2
340,2012-03-23,2012-03,2012,2
341,2012-03-30,2012-03,2012,2
342,2012-04-13,2012-04,2012,2
343,2012-04-20,2012-04,2012,2
344,2014-08-10,2014-08,2014,3
345,2012-02-22,2012-02,2012,2
346,2014-08-15,2014-08,2014,3
347,2012-03-06,2012-03,2012,2
348,2012-04-18,2012-04,2012,2
349,2012-04-27,2012-04,2012,2
350,2012-05-10,2012-05,2012,2
351,2012-05-03,2012-05,2012,2
352,2012-05-20,2012-05,2012,2
353,2012-02-08,2012-02,2012,2
354,2012-02-02,2012-02,2012,2
355,2012-02-15,2012-02,2012,2
356,2012-02-21,2012-02,2012,2
357,2012-03-07,2012-03,2012,2
358,2012-02-09,2012-02,2012,2
359,2012-04-25,2012-04,2012,2
360,2012-08-18,2012-08,2012,4
361,2012-08-19,2012-08,2012,4
362,2012-08-20,2012-08,2012,4
363,2012-08-25,2012-08,2012,4
364,2012-08-26,2012-08,2012,4
365,2012-08-27,2012-08,2012,4
366,2012-09-01,2012-09,2012,4
367,2012-09-02,2012-09,2012,4
368,2012-09-26,2012-09,2012,4
369,2012-09-15,2012-09,2012,4
370,2012-09-16,2012-09,2012,4
371,2012-09-17,2012-09,2012,4
372,2012-09-22,2012-09,2012,4
373,2012-09-23,2012-09,2012,4
374,2012-09-24,2012-09,2012,4
375,2012-09-29,2012-09,2012,4
376,2012-09-30,2012-09,2012,4
377,2012-10-01,2012-10,2012,4
378,2012-10-05,2012-10,2012,4
379,2012-10-06,2012-10,2012,4
380,2012-10-07,2012-10,2012,4
381,2012-10-20,2012-10,2012,4
382,2012-10-21,2012-10,2012,4
383,2013-03-09,2013-03,2013,4
384,2012-10-22,2012-10,2012,4
385,2012-10-27,2012-10,2012,4
386,2012-10-28,2012-10,2012,4
387,2012-10-29,2012-10,2012,4
388,2012-11-03,2012-11,2012,4
389,2012-11-04,2012-11,2012,4
390,2012-11-05,2012-11,2012,4
391,2012-11-09,2012-11,2012,4
392,2012-11-10,2012-11,2012,4
393,2012-11-11,2012-11,2012,4
394,2012-11-17,2012-11,2012,4
395,2012-11-18,2012-11,2012,4
396,2012-11-19,2012-11,2012,4
397,2012-11-23,2012-11,2012,4
398,2012-11-24,2012-11,2012,4
399,2012-11-25,2012-11,2012,4
400,2012-11-26,2012-11,2012,4
401,2012-11-30,2012-11,2012,4
402,2012-12-01,2012-12,2012,4
403,2012-12-02,2012-12,2012,4
404,2012-12-03,2012-12,2012,4
405,2012-12-07,2012-12,2012,4
406,2012-12-08,2012-12,2012,4
407,2012-12-09,2012-12,2012,4
408,2012-12-10,2012-12,2012,4
409,2012-12-15,2012-12,2012,4
410,2012-12-16,2012-12,2012,4
411,2012-12-17,2012-12,2012,4
412,2012-12-20,2012-12,2012,4
413,2012-12-21,2012-12,2012,4
414,2012-12-22,2012-12,2012,4
415,2013-01-04,2013-01,2013,4
416,2013-01-05,2013-01,2013,4
417,2013-01-06,2013-01,2013,4
418,2013-01-07,2013-01,2013,4
419,2013-01-11,2013-01,2013,4
420,2013-01-12,2013-01,2013,4
421,2013-01-13,2013-01,2013,4
422,2013-01-14,2013-01,2013,4
423,2013-01-18,2013-01,2013,4
424,2013-01-19,2013-01,2013,4
425,2014-09-24,2014-09,2014,3
426,2013-01-20,2013-01,2013,4
427,2013-01-21,2013-01,2013,4
428,2013-01-26,2013-01,2013,4
429,2013-01-27,2013-01,2013,4
430,2013-01-28,2013-01,2013,4
431,2013-02-01,2013-02,2013,4
432,2013-02-02,2013-02,2013,4
433,2013-02-03,2013-02,2013,4
434,2013-02-09,2013-02,2013,4
435,2013-02-10,2013-02,2013,4
436,2013-02-11,2013-02,2013,4
437,2013-02-15,2013-02,2013,4
438,2013-02-16,2013-02,2013,4
439,2013-02-17,2013-02,2013,4
440,2013-02-22,2013-02,2013,4
441,2013-02-23,2013-02,2013,4
442,2013-02-24,2013-02,2013,4
443,2013-02-25,2013-02,2013,4
444,2013-03-01,2013-03,2013,4
445,2013-03-02,2013-03,2013,4
446,2013-03-03,2013-03,2013,4
447,2013-03-04,2013-03,2013,4
448,2013-03-08,2013-03,2013,4
449,2013-03-10,2013-03,2013,4
450,2013-03-11,2013-03,2013,4
451,2013-03-15,2013-03,2013,4
452,2013-03-16,2013-03,2013,4
453,2013-03-17,2013-03,2013,4
454,2013-03-30,2013-03,2013,4
455,2013-03-31,2013-03,2013,4
456,2014-10-18,2014-10,2014,3
457,2013-04-01,2013-04,2013,4
458,2013-04-05,2013-04,2013,4
459,2013-04-06,2013-04,2013,4
460,2013-04-07,2013-04,2013,4
461,2013-04-08,2013-04,2013,4
462,2013-04-12,2013-04,2013,4
463,2013-04-13,2013-04,2013,4
464,2013-04-14,2013-04,2013,4
465,2013-04-15,2013-04,2013,4
466,2013-04-19,2013-04,2013,4
467,2013-05-19,2013-05,2013,4
468,2013-04-20,2013-04,2013,4
469,2013-04-21,2013-04,2013,4
470,2013-04-22,2013-04,2013,4
471,2013-04-26,2013-04,2013,4
472,2013-04-27,2013-04,2013,4
473,2013-04-28,2013-04,2013,4
474,2013-04-29,2013-04,2013,4
475,2013-05-03,2013-05,2013,4
476,2013-05-04,2013-05,2013,4
477,2013-05-05,2013-05,2013,4
478,2013-05-06,2013-05,2013,4
479,2013-05-10,2013-05,2013,4
480,2013-05-11,2013-05,2013,4
481,2013-05-12,2013-05,2013,4
482,2013-05-13,2013-05,2013,4
483,2013-05-08,2013-05,2013,4
484,2013-05-18,2013-05,2013,4
485,2013-05-20,2013-05,2013,4
486,2013-05-26,2013-05,2013,4
487,2013-06-01,2013-06,2013,4
488,2012-12-11,2012-12,2012,4
489,2012-08-22,2012-08,2012,4
490,2012-11-27,2012-11,2012,4
491,2012-11-28,2012-11,2012,4
492,2013-01-16,2013-01,2013,4
493,2012-12-23,2012-12,2012,4
494,2012-12-26,2012-12,2012,4
495,2013-01-23,2013-01,2013,4
496,2012-12-29,2012-12,2012,4
497,2012-12-30,2012-12,2012,4
498,2013-01-01,2013-01,2013,4
499,2013-01-02,2013-01,2013,4
500,2013-01-29,2013-01,2013,4
501,2013-01-30,2013-01,2013,4
502,2013-04-16,2013-04,2013,4
503,2013-04-17,2013-04,2013,4
504,2013-05-07,2013-05,2013,4
505,2013-05-14,2013-05,2013,4
506,2012-08-24,2012-08,2012,4
507,2012-08-31,2012-08,2012,4
508,2012-09-14,2012-09,2012,4
509,2012-09-21,2012-09,2012,4
510,2012-09-25,2012-09,2012,4
511,2012-09-28,2012-09,2012,4
512,2012-10-19,2012-10,2012,4
513,2012-10-26,2012-10,2012,4
514,2012-11-02,2012-11,2012,4
515,2012-12-14,2012-12,2012,4
516,2013-01-25,2013-01,2013,4
517,2012-08-10,2012-08,2012,4
518,2012-08-11,2012-08,2012,4
519,2012-08-12,2012-08,2012,4
520,2012-08-17,2012-08,2012,4
521,2012-11-07,2012-11,2012,4
522,2012-11-16,2012-11,2012,4
523,2012-12-12,2012-12,2012,4
524,2012-12-13,2012-12,2012,4
525,2013-02-08,2013-02,2013,4
526,2013-03-29,2013-03,2013,4
527,2013-09-29,2013-09,2013,5
528,2013-04-24,2013-04,2013,4
529,2012-09-27,2012-09,2012,4
530,2012-10-30,2012-10,2012,4
531,2012-10-31,2012-10,2012,4
532,2012-11-01,2012-11,2012,4
533,2013-02-18,2013-02,2013,4
534,2013-02-26,2013-02,2013,4
535,2013-04-03,2013-04,2013,4
536,2013-08-17,2013-08,2013,5
537,2013-08-18,2013-08,2013,5
538,2013-08-19,2013-08,2013,5
539,2013-08-23,2013-08,2013,5
540,2013-08-24,2013-08,2013,5
541,2013-08-25,2013-08,2013,5
542,2013-08-26,2013-08,2013,5
543,2013-08-30,2013-08,2013,5
544,2013-08-31,2013-08,2013,5
545,2013-09-01,2013-09,2013,5
546,2013-09-14,2013-09,2013,5
547,2013-09-15,2013-09,2013,5
548,2013-09-16,2013-09,2013,5
549,2013-09-20,2013-09,2013,5
550,2013-09-21,2013-09,2013,5
551,2013-09-22,2013-09,2013,5
552,2013-09-23,2013-09,2013,5
553,2013-09-24,2013-09,2013,5
554,2013-09-25,2013-09,2013,5
555,2013-09-26,2013-09,2013,5
556,2013-09-27,2013-09,2013,5
557,2013-09-28,2013-09,2013,5
558,2013-09-30,2013-09,2013,5
559,2013-10-04,2013-10,2013,5
560,2013-10-05,2013-10,2013,5
561,2013-10-06,2013-10,2013,5
562,2013-10-19,2013-10,2013,5
563,2013-10-20,2013-10,2013,5
564,2013-10-21,2013-10,2013,5
565,2013-10-25,2013-10,2013,5
566,2013-10-26,2013-10,2013,5
567,2013-10-27,2013-10,2013,5
568,2013-10-28,2013-10,2013,5
569,2013-10-29,2013-10,2013,5
570,2013-10-30,2013-10,2013,5
571,2013-10-31,2013-10,2013,5
572,2013-11-01,2013-11,2013,5
573,2013-11-02,2013-11,2013,5
574,2013-11-03,2013-11,2013,5
575,2013-11-04,2013-11,2013,5
576,2013-11-08,2013-11,2013,5
577,2013-11-09,2013-11,2013,5
578,2013-11-10,2013-11,2013,5
579,2013-11-22,2013-11,2013,5
580,2013-11-23,2013-11,2013,5
581,2013-11-24,2013-11,2013,5
582,2013-11-25,2013-11,2013,5
583,2013-11-29,2013-11,2013,5
584,2013-11-30,2013-11,2013,5
585,2013-12-01,2013-12,2013,5
586,2013-12-13,2013-12,2013,5
587,2013-12-14,2013-12,2013,5
588,2013-12-15,2013-12,2013,5
589,2013-12-16,2013-12,2013,5
590,2013-12-20,2013-12,2013,5
591,2013-12-21,2013-12,2013,5
592,2013-12-22,2013-12,2013,5
593,2014-01-04,2014-01,2014,5
594,2014-01-05,2014-01,2014,5
595,2014-01-06,2014-01,2014,5
596,2014-01-10,2014-01,2014,5
597,2014-01-11,2014-01,2014,5
598,2014-01-12,2014-01,2014,5
599,2014-01-13,2014-01,2014,5
600,2014-01-17,2014-01,2014,5
601,2014-01-18,2014-01,2014,5
602,2014-01-19,2014-01,2014,5
603,2014-01-20,2014-01,2014,5
604,2014-01-24,2014-01,2014,5
605,2014-01-25,2014-01,2014,5
606,2014-01-26,2014-01,2014,5
607,2014-01-27,2014-01,2014,5
608,2014-01-31,2014-01,2014,5
609,2014-02-01,2014-02,2014,5
610,2014-02-02,2014-02,2014,5
611,2014-02-03,2014-02,2014,5
612,2014-02-07,2014-02,2014,5
613,2014-02-08,2014-02,2014,5
614,2014-02-09,2014-02,2014,5
615,2014-02-10,2014-02,2014,5
616,2014-02-14,2014-02,2014,5
617,2014-02-15,2014-02,2014,5
618,2014-02-16,2014-02,2014,5
619,2014-02-17,2014-02,2014,5
620,2014-02-21,2014-02,2014,5
621,2014-02-22,2014-02,2014,5
622,2014-02-23,2014-02,2014,5
623,2014-02-24,2014-02,2014,5
624,2014-02-28,2014-02,2014,5
625,2014-03-01,2014-03,2014,5
626,2014-03-02,2014-03,2014,5
627,2014-03-08,2014-03,2014,5
628,2014-03-09,2014-03,2014,5
629,2014-03-10,2014-03,2014,5
630,2014-03-14,2014-03,2014,5
631,2014-03-15,2014-03,2014,5
632,2014-03-16,2014-03,2014,5
633,2014-03-17,2014-03,2014,5
634,2014-03-21,2014-03,2014,5
635,2014-03-22,2014-03,2014,5
636,2014-03-23,2014-03,2014,5
637,2014-03-24,2014-03,2014,5
638,2014-03-25,2014-03,2014,5
639,2014-03-26,2014-03,2014,5
640,2014-03-27,2014-03,2014,5
641,2014-03-29,2014-03,2014,5
642,2014-03-30,2014-03,2014,5
643,2014-03-31,2014-03,2014,5
644,2014-04-04,2014-04,2014,5
645,2014-04-05,2014-04,2014,5
646,2014-04-06,2014-04,2014,5
647,2014-04-07,2014-04,2014,5
648,2014-04-11,2014-04,2014,5
649,2014-04-12,2014-04,2014,5
650,2014-04-13,2014-04,2014,5
651,2014-04-14,2014-04,2014,5
652,2014-04-18,2014-04,2014,5
653,2014-04-19,2014-04,2014,5
654,2014-04-20,2014-04,2014,5
655,2014-04-21,2014-04,2014,5
656,2014-05-07,2014-05,2014,5
657,2014-04-25,2014-04,2014,5
658,2014-04-26,2014-04,2014,5
659,2014-04-27,2014-04,2014,5
660,2014-04-28,2014-04,2014,5
661,2014-05-02,2014-05,2014,5
662,2014-05-03,2014-05,2014,5
663,2014-05-04,2014-05,2014,5
664,2014-05-05,2014-05,2014,5
665,2014-05-10,2014-05,2014,5
666,2014-05-11,2014-05,2014,5
667,2014-05-16,2014-05,2014,5
668,2014-05-17,2014-05,2014,5
669,2014-05-18,2014-05,2014,5
670,2013-08-21,2013-08,2013,5
671,2013-12-03,2013-12,2013,5
672,2013-12-04,2013-12,2013,5
673,2013-12-07,2013-12,2013,5
674,2013-12-08,2013-12,2013,5
675,2013-12-09,2013-12,2013,5
676,2013-12-23,2013-12,2013,5
677,2013-12-26,2013-12,2013,5
678,2013-12-28,2013-12,2013,5
679,2013-12-29,2013-12,2013,5
680,2014-01-01,2014-01,2014,5
681,2014-01-28,2014-01,2014,5
682,2014-01-29,2014-01,2014,5
683,2014-02-11,2014-02,2014,5
684,2014-02-12,2014-02,2014,5
685,2014-04-16,2014-04,2014,5
686,2014-04-15,2014-04,2014,5
687,2014-05-06,2014-05,2014,5
688,2013-08-09,2013-08,2013,5
689,2013-08-10,2013-08,2013,5
690,2013-08-11,2013-08,2013,5
691,2013-08-27,2013-08,2013,5
692,2013-09-13,2013-09,2013,5
693,2013-10-18,2013-10,2013,5
694,2013-12-06,2013-12,2013,5
695,2014-03-28,2014-03,2014,5
696,2014-04-17,2014-04,2014,5
697,2013-08-16,2013-08,2013,5
698,2013-12-05,2013-12,2013,5
699,2014-01-08,2014-01,2014,5
700,2014-10-19,2014-10,2014,3
701,2014-02-25,2014-02,2014,5
702,2014-03-07,2014-03,2014,5
703,2014-04-23,2014-04,2014,5
704,2013-12-02,2013-12,2013,5
705,2014-10-24,2014-10,2014,3
706,2014-04-02,2014-04,2014,5
707,2014-12-03,2014-12,2014,3
708,2015-01-24,2015-01,2015,3
709,2014-11-23,2014-11,2014,3
710,2014-08-23,2014-08,2014,3
711,2014-08-24,2014-08,2014,3
712,2014-08-25,2014-08,2014,3
713,2014-08-29,2014-08,2014,3
714,2014-08-30,2014-08,2014,3
715,2014-08-31,2014-08,2014,3
716,2014-09-12,2014-09,2014,3
717,2014-09-13,2014-09,2014,3
718,2014-09-14,2014-09,2014,3
719,2014-09-15,2014-09,2014,3
720,2014-09-19,2014-09,2014,3
721,2014-09-20,2014-09,2014,3
722,2014-09-21,2014-09,2014,3
723,2014-09-22,2014-09,2014,3
724,2014-09-23,2014-09,2014,3
725,2015-01-25,2015-01,2015,3
726,2014-09-25,2014-09,2014,3
727,2014-09-26,2014-09,2014,3
728,2014-09-27,2014-09,2014,3
729,2014-09-28,2014-09,2014,3
730,2014-10-03,2014-10,2014,3
731,2014-10-04,2014-10,2014,3
732,2014-10-05,2014-10,2014,3
733,2014-10-17,2014-10,2014,3
734,2014-10-20,2014-10,2014,3
735,2014-10-25,2014-10,2014,3
736,2014-10-26,2014-10,2014,3
737,2014-10-31,2014-10,2014,3
738,2014-11-01,2014-11,2014,3
739,2014-11-02,2014-11,2014,3
740,2014-11-03,2014-11,2014,3
741,2014-11-07,2014-11,2014,3
742,2014-11-08,2014-11,2014,3
743,2014-11-09,2014-11,2014,3
744,2014-11-21,2014-11,2014,3
745,2014-11-22,2014-11,2014,3
746,2014-11-24,2014-11,2014,3
747,2014-11-28,2014-11,2014,3
748,2014-11-29,2014-11,2014,3
749,2014-11-30,2014-11,2014,3
750,2014-12-01,2014-12,2014,3
751,2014-12-06,2014-12,2014,3
752,2014-12-07,2014-12,2014,3
753,2014-12-08,2014-12,2014,3
754,2014-12-12,2014-12,2014,3
755,2014-12-13,2014-12,2014,3
756,2014-12-14,2014-12,2014,3
757,2014-12-15,2014-12,2014,3
758,2014-12-19,2014-12,2014,3
759,2014-12-20,2014-12,2014,3
760,2014-12-21,2014-12,2014,3
761,2015-02-04,2015-02,2015,3
762,2015-01-03,2015-01,2015,3
763,2015-01-04,2015-01,2015,3
764,2015-01-05,2015-01,2015,3
765,2015-01-09,2015-01,2015,3
766,2015-01-10,2015-01,2015,3
767,2015-01-11,2015-01,2015,3
768,2015-01-12,2015-01,2015,3
769,2015-01-16,2015-01,2015,3
770,2015-01-17,2015-01,2015,3
771,2015-01-18,2015-01,2015,3
772,2015-01-26,2015-01,2015,3
773,2015-01-30,2015-01,2015,3
774,2015-01-31,2015-01,2015,3
775,2015-02-01,2015-02,2015,3
776,2015-02-02,2015-02,2015,3
777,2015-02-06,2015-02,2015,3
778,2015-02-07,2015-02,2015,3
779,2015-02-08,2015-02,2015,3
780,2015-02-09,2015-02,2015,3
781,2015-02-13,2015-02,2015,3
782,2015-02-14,2015-02,2015,3
783,2015-02-15,2015-02,2015,3
784,2015-02-16,2015-02,2015,3
785,2015-02-20,2015-02,2015,3
786,2015-02-21,2015-02,2015,3
787,2015-02-22,2015-02,2015,3
788,2015-02-23,2015-02,2015,3
789,2015-02-27,2015-02,2015,3
790,2015-02-28,2015-02,2015,3
791,2015-03-01,2015-03,2015,3
792,2015-03-02,2015-03,2015,3
793,2015-03-06,2015-03,2015,3
794,2015-03-07,2015-03,2015,3
795,2015-03-08,2015-03,2015,3
796,2015-03-09,2015-03,2015,3
797,2015-03-13,2015-03,2015,3
798,2015-03-14,2015-03,2015,3
799,2015-03-15,2015-03,2015,3
800,2015-03-16,2015-03,2015,3
801,2015-03-20,2015-03,2015,3
802,2015-03-21,2015-03,2015,3
803,2015-03-22,2015-03,2015,3
804,2015-04-03,2015-04,2015,3
805,2015-04-04,2015-04,2015,3
806,2015-04-05,2015-04,2015,3
807,2015-04-06,2015-04,2015,3
808,2015-04-07,2015-04,2015,3
809,2015-04-08,2015-04,2015,3
810,2015-04-09,2015-04,2015,3
811,2015-04-11,2015-04,2015,3
812,2015-04-12,2015-04,2015,3
813,2015-04-13,2015-04,2015,3
814,2015-04-17,2015-04,2015,3
815,2015-04-18,2015-04,2015,3
816,2015-04-19,2015-04,2015,3
817,2015-04-20,2015-04,2015,3
818,2015-04-24,2015-04,2015,3
819,2015-04-25,2015-04,2015,3
820,2015-04-26,2015-04,2015,3
821,2015-04-27,2015-04,2015,3
822,2015-04-28,2015-04,2015,3
823,2015-04-29,2015-04,2015,3
824,2015-04-30,2015-04,2015,3
825,2015-05-01,2015-05,2015,3
826,2015-05-02,2015-05,2015,3
827,2015-05-03,2015-05,2015,3
828,2015-05-04,2015-05,2015,3
829,2015-05-08,2015-05,2015,3
830,2015-05-09,2015-05,2015,3
831,2015-05-10,2015-05,2015,3
832,2015-05-11,2015-05,2015,3
833,2015-05-17,2015-05,2015,3
834,2015-05-23,2015-05,2015,3
835,2014-08-16,2014-08,2014,3
836,2014-08-17,2014-08,2014,3
837,2014-08-18,2014-08,2014,3
838,2014-09-29,2014-09,2014,3
839,2014-08-09,2014-08,2014,3
840,2014-10-27,2014-10,2014,3
841,2014-12-02,2014-12,2014,3
842,2014-12-22,2014-12,2014,3
843,2014-12-26,2014-12,2014,3
844,2014-12-28,2014-12,2014,3
845,2014-12-29,2014-12,2014,3
846,2015-01-01,2015-01,2015,3
847,2015-01-19,2015-01,2015,3
848,2015-02-10,2015-02,2015,3
849,2015-02-11,2015-02,2015,3
850,2015-03-03,2015-03,2015,3
851,2015-03-04,2015-03,2015,3
852,2015-05-20,2015-05,2015,3
853,2015-05-16,2015-05,2015,3
854,2015-05-18,2015-05,2015,3
855,2015-05-24,2015-05,2015,3
856,2014-08-22,2014-08,2014,3
857,2014-12-05,2014-12,2014,3
858,2014-12-16,2014-12,2014,3
859,2014-12-17,2014-12,2014,3
860,2015-02-03,2015-02,2015,3
861,2015-04-10,2015-04,2015,3
862,2014-08-08,2014-08,2014,3
863,2015-01-07,2015-01,2015,3
864,2014-12-04,2014-12,2014,3
865,2015-01-23,2015-01,2015,3
866,2015-04-15,2015-04,2015,3
867,2015-10-31,2015-10,2015,6
868,2014-10-28,2014-10,2014,3
869,2014-10-29,2014-10,2014,3
870,2014-10-30,2014-10,2014,3
871,2014-12-18,2014-12,2014,3
872,2015-01-06,2015-01,2015,3
873,2015-10-30,2015-10,2015,6
874,2015-02-24,2015-02,2015,3
875,2015-05-06,2015-05,2015,3
876,2015-05-25,2015-05,2015,3
877,2015-05-30,2015-05,2015,3
878,2015-05-31,2015-05,2015,3
879,2015-08-21,2015-08,2015,6
880,2015-08-22,2015-08,2015,6
881,2015-08-23,2015-08,2015,6
882,2015-08-24,2015-08,2015,6
883,2015-08-28,2015-08,2015,6
884,2015-08-29,2015-08,2015,6
885,2015-08-30,2015-08,2015,6
886,2015-09-11,2015-09,2015,6
887,2015-09-12,2015-09,2015,6
888,2015-09-13,2015-09,2015,6
889,2015-09-14,2015-09,2015,6
890,2015-09-18,2015-09,2015,6
891,2015-09-19,2015-09,2015,6
892,2015-09-20,2015-09,2015,6
893,2015-09-22,2015-09,2015,6
894,2015-09-23,2015-09,2015,6
895,2015-09-24,2015-09,2015,6
896,2015-09-25,2015-09,2015,6
897,2015-09-26,2015-09,2015,6
898,2015-09-27,2015-09,2015,6
899,2015-10-02,2015-10,2015,6
900,2015-10-03,2015-10,2015,6
901,2015-10-04,2015-10,2015,6
902,2015-10-17,2015-10,2015,6
903,2015-10-18,2015-10,2015,6
904,2015-10-19,2015-10,2015,6
905,2015-10-23,2015-10,2015,6
906,2015-10-24,2015-10,2015,6
907,2015-10-25,2015-10,2015,6
908,2015-10-26,2015-10,2015,6
909,2015-11-01,2015-11,2015,6
910,2015-11-06,2015-11,2015,6
911,2015-11-07,2015-11,2015,6
912,2015-11-08,2015-11,2015,6
913,2015-11-21,2015-11,2015,6
914,2015-11-22,2015-11,2015,6
915,2015-11-23,2015-11,2015,6
916,2015-11-27,2015-11,2015,6
917,2015-11-28,2015-11,2015,6
918,2015-11-29,2015-11,2015,6
919,2015-12-05,2015-12,2015,6
920,2015-12-06,2015-12,2015,6
921,2015-12-07,2015-12,2015,6
922,2015-12-11,2015-12,2015,6
923,2015-12-12,2015-12,2015,6
924,2015-12-13,2015-12,2015,6
925,2015-12-19,2015-12,2015,6
926,2015-12-20,2015-12,2015,6
927,2015-12-30,2015-12,2015,6
928,2015-12-31,2015-12,2015,6
929,2016-01-02,2016-01,2016,6
930,2016-01-03,2016-01,2016,6
931,2016-01-04,2016-01,2016,6
932,2016-01-09,2016-01,2016,6
933,2016-01-10,2016-01,2016,6
934,2016-01-16,2016-01,2016,6
935,2016-01-17,2016-01,2016,6
936,2016-01-18,2016-01,2016,6
937,2016-01-22,2016-01,2016,6
938,2016-01-23,2016-01,2016,6
939,2016-01-24,2016-01,2016,6
940,2016-01-25,2016-01,2016,6
941,2016-01-30,2016-01,2016,6
942,2016-01-31,2016-01,2016,6
943,2016-02-01,2016-02,2016,6
944,2016-02-05,2016-02,2016,6
945,2016-02-06,2016-02,2016,6
946,2016-02-07,2016-02,2016,6
947,2016-02-08,2016-02,2016,6
948,2016-02-12,2016-02,2016,6
949,2016-02-13,2016-02,2016,6
950,2016-02-14,2016-02,2016,6
951,2016-02-19,2016-02,2016,6
952,2016-02-20,2016-02,2016,6
953,2016-02-21,2016-02,2016,6
954,2016-02-26,2016-02,2016,6
955,2016-02-27,2016-02,2016,6
956,2016-02-28,2016-02,2016,6
957,2016-03-01,2016-03,2016,6
958,2016-03-02,2016-03,2016,6
959,2016-03-03,2016-03,2016,6
960,2016-03-05,2016-03,2016,6
961,2016-03-06,2016-03,2016,6
962,2016-03-07,2016-03,2016,6
963,2016-03-11,2016-03,2016,6
964,2016-03-12,2016-03,2016,6
965,2016-03-13,2016-03,2016,6
966,2016-03-14,2016-03,2016,6
967,2016-03-18,2016-03,2016,6
968,2016-03-19,2016-03,2016,6
969,2016-03-20,2016-03,2016,6
970,2016-04-01,2016-04,2016,6
971,2016-04-02,2016-04,2016,6
972,2016-04-03,2016-04,2016,6
973,2016-04-04,2016-04,2016,6
974,2016-04-08,2016-04,2016,6
975,2016-04-09,2016-04,2016,6
976,2016-04-10,2016-04,2016,6
977,2016-04-11,2016-04,2016,6
978,2016-04-15,2016-04,2016,6
979,2016-04-16,2016-04,2016,6
980,2016-04-17,2016-04,2016,6
981,2016-04-19,2016-04,2016,6
982,2016-04-20,2016-04,2016,6
983,2016-04-21,2016-04,2016,6
984,2016-04-22,2016-04,2016,6
985,2016-04-23,2016-04,2016,6
986,2016-04-24,2016-04,2016,6
987,2016-04-25,2016-04,2016,6
988,2016-04-29,2016-04,2016,6
989,2016-04-30,2016-04,2016,6
990,2016-05-01,2016-05,2016,6
991,2016-05-02,2016-05,2016,6
992,2016-05-08,2016-05,2016,6
993,2016-05-13,2016-05,2016,6
994,2016-05-14,2016-05,2016,6
995,2016-05-15,2016-05,2016,6
996,2015-08-08,2015-08,2015,6
997,2015-08-09,2015-08,2015,6
998,2015-08-10,2015-08,2015,6
999,2015-08-14,2015-08,2015,6
1000,2015-08-15,2015-08,2015,6
1001,2015-08-16,2015-08,2015,6
1002,2015-08-17,2015-08,2015,6
1003,2015-09-28,2015-09,2015,6
1004,2015-11-02,2015-11,2015,6
1005,2015-12-14,2015-12,2015,6
1006,2015-12-21,2015-12,2015,6
1007,2015-12-26,2015-12,2015,6
1008,2015-12-28,2015-12,2015,6
1009,2015-12-29,2015-12,2015,6
1010,2016-01-12,2016-01,2016,6
1011,2016-01-13,2016-01,2016,6
1012,2016-02-02,2016-02,2016,6
1013,2016-02-03,2016-02,2016,6
1014,2016-04-18,2016-04,2016,6
1015,2016-05-11,2016-05,2016,6
1016,2016-05-07,2016-05,2016,6
1017,2015-10-16,2015-10,2015,6
1018,2015-11-20,2015-11,2015,6
1019,2015-12-04,2015-12,2015,6
1020,2015-12-18,2015-12,2015,6
1021,2016-01-29,2016-01,2016,6
1022,2015-08-07,2015-08,2015,6
1023,2015-09-29,2015-09,2015,6
1024,2015-11-04,2015-11,2015,6
1025,2015-12-01,2015-12,2015,6
1026,2015-12-02,2015-12,2015,6
1027,2015-12-03,2015-12,2015,6
1028,2016-01-08,2016-01,2016,6
1029,2016-01-15,2016-01,2016,6
1030,2016-02-04,2016-02,2016,6
1031,2016-03-04,2016-03,2016,6
1032,2016-04-27,2016-04,2016,6
1033,2015-10-27,2015-10,2015,6
1034,2015-10-28,2015-10,2015,6
1035,2015-10-29,2015-10,2015,6
1036,2015-11-30,2015-11,2015,6
1037,2016-01-05,2016-01,2016,6
1038,2016-01-06,2016-01,2016,6
1039,2016-02-11,2016-02,2016,6
1040,2016-02-22,2016-02,2016,6
1041,2016-02-29,2016-02,2016,6
1042,2016-08-19,2016-08,2016,7
1043,2016-08-20,2016-08,2016,7
1044,2016-08-21,2016-08,2016,7
1045,2016-08-22,2016-08,2016,7
1046,2016-08-26,2016-08,2016,7
1047,2016-08-27,2016-08,2016,7
1048,2016-08-28,2016-08,2016,7
1049,2016-09-09,2016-09,2016,7
1050,2016-09-10,2016-09,2016,7
1051,2016-09-11,2016-09,2016,7
1052,2016-09-16,2016-09,2016,7
1053,2016-09-17,2016-09,2016,7
1054,2016-09-18,2016-09,2016,7
1055,2016-09-19,2016-09,2016,7
1056,2016-09-20,2016-09,2016,7
1057,2016-09-21,2016-09,2016,7
1058,2016-09-22,2016-09,2016,7
1059,2016-09-23,2016-09,2016,7
1060,2016-09-24,2016-09,2016,7
1061,2016-09-25,2016-09,2016,7
1062,2016-09-26,2016-09,2016,7
1063,2016-09-30,2016-09,2016,7
1064,2016-10-01,2016-10,2016,7
1065,2016-10-02,2016-10,2016,7
1066,2016-10-14,2016-10,2016,7
1067,2016-10-15,2016-10,2016,7
1068,2016-10-16,2016-10,2016,7
1069,2016-10-17,2016-10,2016,7
1070,2016-10-21,2016-10,2016,7
1071,2016-10-22,2016-10,2016,7
1072,2016-10-23,2016-10,2016,7
1073,2016-10-28,2016-10,2016,7
1074,2016-10-29,2016-10,2016,7
1075,2016-10-30,2016-10,2016,7
1076,2016-10-31,2016-10,2016,7
1077,2016-11-04,2016-11,2016,7
1078,2016-11-05,2016-11,2016,7
1079,2016-11-06,2016-11,2016,7
1080,2016-11-18,2016-11,2016,7
1081,2016-11-19,2016-11,2016,7
1082,2016-11-20,2016-11,2016,7
1083,2016-11-21,2016-11,2016,7
1084,2016-11-25,2016-11,2016,7
1085,2016-11-26,2016-11,2016,7
1086,2016-11-27,2016-11,2016,7
1087,2016-11-28,2016-11,2016,7
1088,2016-12-03,2016-12,2016,7
1089,2016-12-04,2016-12,2016,7
1090,2016-12-05,2016-12,2016,7
1091,2016-12-09,2016-12,2016,7
1092,2016-12-10,2016-12,2016,7
1093,2016-12-11,2016-12,2016,7
1094,2016-12-12,2016-12,2016,7
1095,2016-12-16,2016-12,2016,7
1096,2016-12-17,2016-12,2016,7
1097,2016-12-18,2016-12,2016,7
1098,2016-12-19,2016-12,2016,7
1099,2017-02-22,2017-02,2017,7
1100,2017-01-06,2017-01,2017,7
1101,2017-01-07,2017-01,2017,7
1102,2017-01-08,2017-01,2017,7
1103,2017-01-09,2017-01,2017,7
1104,2017-01-14,2017-01,2017,7
1105,2017-01-15,2017-01,2017,7
1106,2017-01-16,2017-01,2017,7
1107,2017-01-20,2017-01,2017,7
1108,2017-01-21,2017-01,2017,7
1109,2017-01-22,2017-01,2017,7
1110,2017-01-27,2017-01,2017,7
1111,2017-01-28,2017-01,2017,7
1112,2017-01-29,2017-01,2017,7
1113,2017-01-30,2017-01,2017,7
1114,2017-02-04,2017-02,2017,7
1115,2017-02-05,2017-02,2017,7
1116,2017-02-06,2017-02,2017,7
1117,2017-03-08,2017-03,2017,7
1118,2017-02-10,2017-02,2017,7
1119,2017-02-11,2017-02,2017,7
1120,2017-02-12,2017-02,2017,7
1121,2017-02-13,2017-02,2017,7
1122,2017-02-17,2017-02,2017,7
1123,2017-02-18,2017-02,2017,7
1124,2017-02-19,2017-02,2017,7
1125,2017-02-24,2017-02,2017,7
1126,2017-02-25,2017-02,2017,7
1127,2017-02-26,2017-02,2017,7
1128,2017-02-28,2017-02,2017,7
1129,2017-03-01,2017-03,2017,7
1130,2017-03-02,2017-03,2017,7
1131,2017-03-03,2017-03,2017,7
1132,2017-03-04,2017-03,2017,7
1133,2017-03-05,2017-03,2017,7
1134,2017-03-06,2017-03,2017,7
1135,2017-03-10,2017-03,2017,7
1136,2017-03-11,2017-03,2017,7
1137,2017-03-12,2017-03,2017,7
1138,2017-03-13,2017-03,2017,7
1139,2017-03-17,2017-03,2017,7
1140,2017-03-18,2017-03,2017,7
1141,2017-03-19,2017-03,2017,7
1142,2017-03-31,2017-03,2017,7
1143,2017-04-01,2017-04,2017,7
1144,2017-04-02,2017-04,2017,7
1145,2017-04-04,2017-04,2017,7
1146,2017-04-05,2017-04,2017,7
1147,2017-04-07,2017-04,2017,7
1148,2017-04-08,2017-04,2017,7
1149,2017-04-09,2017-04,2017,7
1150,2017-04-10,2017-04,2017,7
1151,2017-04-14,2017-04,2017,7
1152,2017-04-15,2017-04,2017,7
1153,2017-04-16,2017-04,2017,7
1154,2017-04-17,2017-04,2017,7
1155,2017-04-21,2017-04,2017,7
1156,2017-04-22,2017-04,2017,7
1157,2017-04-23,2017-04,2017,7
1158,2017-04-24,2017-04,2017,7
1159,2017-04-25,2017-04,2017,7
1160,2017-04-26,2017-04,2017,7
1161,2017-04-27,2017-04,2017,7
1162,2017-04-28,2017-04,2017,7
1163,2017-04-29,2017-04,2017,7
1164,2017-04-30,2017-04,2017,7
1165,2017-05-01,2017-05,2017,7
1166,2017-05-05,2017-05,2017,7
1167,2017-05-06,2017-05,2017,7
1168,2017-05-21,2017-05,2017,7
1169,2017-05-07,2017-05,2017,7
1170,2017-05-08,2017-05,2017,7
1171,2017-05-13,2017-05,2017,7
1172,2017-05-14,2017-05,2017,7
1173,2017-05-19,2017-05,2017,7
1174,2017-05-20,2017-05,2017,7
1175,2016-08-13,2016-08,2016,7
1176,2016-08-14,2016-08,2016,7
1177,2016-08-15,2016-08,2016,7
1178,2016-09-12,2016-09,2016,7
1179,2016-12-13,2016-12,2016,7
1180,2016-12-14,2016-12,2016,7
1181,2016-12-26,2016-12,2016,7
1182,2016-12-27,2016-12,2016,7
1183,2016-12-28,2016-12,2016,7
1184,2016-12-30,2016-12,2016,7
1185,2016-12-31,2016-12,2016,7
1186,2017-01-01,2017-01,2017,7
1187,2017-01-02,2017-01,2017,7
1188,2017-01-31,2017-01,2017,7
1189,2017-01-03,2017-01,2017,7
1190,2017-01-04,2017-01,2017,7
1191,2017-02-01,2017-02,2017,7
1192,2017-02-27,2017-02,2017,7
1193,2017-05-12,2017-05,2017,7
1194,2016-12-02,2016-12,2016,7
1195,2016-12-20,2016-12,2016,7
1196,2016-12-21,2016-12,2016,7
1197,2017-02-03,2017-02,2017,7
1198,2016-08-12,2016-08,2016,7
1199,2016-11-29,2016-11,2016,7
1200,2016-11-30,2016-11,2016,7
1201,2017-01-18,2017-01,2017,7
1202,2017-01-13,2017-01,2017,7
1203,2017-02-21,2017-02,2017,7
1204,2017-02-07,2017-02,2017,7
1205,2017-02-08,2017-02,2017,7
1206,2016-10-25,2016-10,2016,7
1207,2016-10-26,2016-10,2016,7
1208,2016-10-27,2016-10,2016,7
1209,2016-12-22,2016-12,2016,7
1210,2017-04-03,2017-04,2017,7
1211,2017-05-22,2017-05,2017,7
1212,2017-05-27,2017-05,2017,7
1213,2017-05-28,2017-05,2017,7
1214,2017-08-18,2017-08,2017,8
1215,2017-08-19,2017-08,2017,8
1216,2017-08-20,2017-08,2017,8
1217,2017-08-21,2017-08,2017,8
1218,2017-08-25,2017-08,2017,8
1219,2017-08-26,2017-08,2017,8
1220,2017-08-27,2017-08,2017,8
1221,2017-09-08,2017-09,2017,8
1222,2017-09-09,2017-09,2017,8
1223,2017-09-10,2017-09,2017,8
1224,2017-09-11,2017-09,2017,8
1225,2017-09-15,2017-09,2017,8
1226,2017-09-16,2017-09,2017,8
1227,2017-12-16,2017-12,2017,8
1228,2017-09-17,2017-09,2017,8
1229,2017-09-18,2017-09,2017,8
1230,2017-09-19,2017-09,2017,8
1231,2017-09-20,2017-09,2017,8
1232,2017-09-21,2017-09,2017,8
1233,2017-09-23,2017-09,2017,8
1234,2017-09-24,2017-09,2017,8
1235,2017-09-25,2017-09,2017,8
1236,2017-09-29,2017-09,2017,8
1237,2017-09-30,2017-09,2017,8
1238,2017-10-01,2017-10,2017,8
1239,2017-10-13,2017-10,2017,8
1240,2017-10-14,2017-10,2017,8
1241,2017-10-15,2017-10,2017,8
1242,2017-10-16,2017-10,2017,8
1243,2017-10-21,2017-10,2017,8
1244,2017-10-22,2017-10,2017,8
1245,2017-10-23,2017-10,2017,8
1246,2017-10-28,2017-10,2017,8
1247,2017-10-29,2017-10,2017,8
1248,2017-10-30,2017-10,2017,8
1249,2017-11-03,2017-11,2017,8
1250,2017-11-04,2017-11,2017,8
1251,2018-02-10,2018-02,2018,8
1252,2017-11-05,2017-11,2017,8
1253,2017-11-17,2017-11,2017,8
1254,2017-11-18,2017-11,2017,8
1255,2017-11-19,2017-11,2017,8
1256,2017-11-20,2017-11,2017,8
1257,2017-11-24,2017-11,2017,8
1258,2017-11-25,2017-11,2017,8
1259,2017-11-26,2017-11,2017,8
1260,2017-11-27,2017-11,2017,8
1261,2017-12-01,2017-12,2017,8
1262,2017-12-02,2017-12,2017,8
1263,2017-12-03,2017-12,2017,8
1264,2017-12-04,2017-12,2017,8
1265,2017-12-08,2017-12,2017,8
1266,2017-12-09,2017-12,2017,8
1267,2017-12-10,2017-12,2017,8
1268,2017-12-11,2017-12,2017,8
1269,2017-12-15,2017-12,2017,8
1270,2017-12-17,2017-12,2017,8
1271,2017-12-18,2017-12,2017,8
1272,2018-02-21,2018-02,2018,8
1273,2017-12-19,2017-12,2017,8
1274,2017-12-20,2017-12,2017,8
1275,2017-12-21,2017-12,2017,8
1276,2017-12-22,2017-12,2017,8
1277,2017-12-23,2017-12,2017,8
1278,2018-01-06,2018-01,2018,8
1279,2018-01-07,2018-01,2018,8
1280,2018-01-08,2018-01,2018,8
1281,2018-01-12,2018-01,2018,8
1282,2018-01-13,2018-01,2018,8
1283,2018-01-14,2018-01,2018,8
1284,2018-01-15,2018-01,2018,8
1285,2018-01-19,2018-01,2018,8
1286,2018-01-20,2018-01,2018,8
1287,2018-01-21,2018-01,2018,8
1288,2018-01-22,2018-01,2018,8
1289,2018-03-10,2018-03,2018,8
1290,2018-01-26,2018-01,2018,8
1291,2018-01-27,2018-01,2018,8
1292,2018-01-28,2018-01,2018,8
1293,2018-01-29,2018-01,2018,8
1294,2018-02-02,2018-02,2018,8
1295,2018-02-03,2018-02,2018,8
1296,2018-02-04,2018-02,2018,8
1297,2018-02-05,2018-02,2018,8
1298,2018-02-09,2018-02,2018,8
1299,2018-02-11,2018-02,2018,8
1300,2018-02-12,2018-02,2018,8
1301,2018-02-16,2018-02,2018,8
1302,2018-02-17,2018-02,2018,8
1303,2018-02-18,2018-02,2018,8
1304,2018-02-19,2018-02,2018,8
1305,2018-02-23,2018-02,2018,8
1306,2018-02-24,2018-02,2018,8
1307,2018-02-25,2018-02,2018,8
1308,2018-02-26,2018-02,2018,8
1309,2018-02-27,2018-02,2018,8
1310,2018-02-28,2018-02,2018,8
1311,2018-03-01,2018-03,2018,8
1312,2018-03-03,2018-03,2018,8
1313,2018-03-04,2018-03,2018,8
1314,2018-03-05,2018-03,2018,8
1315,2018-03-09,2018-03,2018,8
1316,2018-03-11,2018-03,2018,8
1317,2018-03-12,2018-03,2018,8
1318,2018-03-16,2018-03,2018,8
1319,2018-03-17,2018-03,2018,8
1320,2018-03-18,2018-03,2018,8
1321,2018-03-31,2018-03,2018,8
1322,2018-04-01,2018-04,2018,8
1323,2018-04-02,2018-04,2018,8
1324,2018-04-06,2018-04,2018,8
1325,2018-04-07,2018-04,2018,8
1326,2018-04-08,2018-04,2018,8
1327,2018-04-09,2018-04,2018,8
1328,2018-04-13,2018-04,2018,8
1329,2018-04-14,2018-04,2018,8
1330,2018-04-15,2018-04,2018,8
1331,2018-04-17,2018-04,2018,8
1332,2018-04-18,2018-04,2018,8
1333,2018-04-19,2018-04,2018,8
1334,2018-04-20,2018-04,2018,8
1335,2018-04-21,2018-04,2018,8
1336,2018-04-22,2018-04,2018,8
1337,2018-04-23,2018-04,2018,8
1338,2018-05-09,2018-05,2018,8
1339,2018-04-27,2018-04,2018,8
1340,2018-04-28,2018-04,2018,8
1341,2018-04-29,2018-04,2018,8
1342,2018-04-30,2018-04,2018,8
1343,2018-05-04,2018-05,2018,8
1344,2018-05-05,2018-05,2018,8
1345,2018-05-06,2018-05,2018,8
1346,2018-05-07,2018-05,2018,8
1347,2018-05-12,2018-05,2018,8
1348,2018-05-13,2018-05,2018,8
1349,2018-05-19,2018-05,2018,8
1350,2018-05-20,2018-05,2018,8
1351,2017-08-11,2017-08,2017,8
1352,2017-08-12,2017-08,2017,8
1353,2017-08-13,2017-08,2017,8
1354,2017-10-20,2017-10,2017,8
1355,2017-11-28,2017-11,2017,8
1356,2017-11-29,2017-11,2017,8
1357,2017-12-12,2017-12,2017,8
1358,2017-12-13,2017-12,2017,8
1359,2017-12-26,2017-12,2017,8
1360,2017-12-27,2017-12,2017,8
1361,2017-12-28,2017-12,2017,8
1362,2017-12-30,2017-12,2017,8
1363,2017-12-31,2017-12,2017,8
1364,2018-01-04,2018-01,2018,8
1365,2018-01-01,2018-01,2018,8
1366,2018-01-02,2018-01,2018,8
1367,2018-01-03,2018-01,2018,8
1368,2018-01-30,2018-01,2018,8
1369,2018-01-31,2018-01,2018,8
1370,2018-05-08,2018-05,2018,8
1371,2018-05-10,2018-05,2018,8
1372,2018-04-16,2018-04,2018,8
1373,2017-09-22,2017-09,2017,8
1374,2017-10-27,2017-10,2017,8
1375,2018-03-02,2018-03,2018,8
1376,2017-08-04,2017-08,2017,8
1377,2017-08-05,2017-08,2017,8
1378,2017-08-06,2017-08,2017,8
1379,2018-01-16,2018-01,2018,8
1380,2018-01-17,2018-01,2018,8
1381,2018-02-20,2018-02,2018,8
1382,2018-03-14,2018-03,2018,8
1383,2018-04-04,2018-04,2018,8
1384,2018-04-25,2018-04,2018,8
1385,2018-05-11,2018-05,2018,8
1386,2018-01-24,2018-01,2018,8
1387,2017-10-24,2017-10,2017,8
1388,2017-10-25,2017-10,2017,8
1389,2017-12-29,2017-12,2017,8
1390,2018-01-05,2018-01,2018,8
1391,2018-04-03,2018-04,2018,8
1392,2018-08-17,2018-08,2018,9
1393,2018-08-18,2018-08,2018,9
1394,2018-08-19,2018-08,2018,9
1395,2018-08-20,2018-08,2018,9
1396,2018-08-24,2018-08,2018,9
1397,2018-08-25,2018-08,2018,9
1398,2018-08-26,2018-08,2018,9
1399,2018-08-27,2018-08,2018,9
1400,2018-08-31,2018-08,2018,9
1401,2018-09-01,2018-09,2018,9
1402,2018-09-02,2018-09,2018,9
1403,2018-10-24,2018-10,2018,9
1404,2018-09-14,2018-09,2018,9
1405,2018-09-15,2018-09,2018,9
1406,2018-09-16,2018-09,2018,9
1407,2018-09-17,2018-09,2018,9
1408,2018-09-21,2018-09,2018,9
1409,2018-09-22,2018-09,2018,9
1410,2018-09-23,2018-09,2018,9
1411,2018-09-25,2018-09,2018,9
1412,2018-09-26,2018-09,2018,9
1413,2018-09-27,2018-09,2018,9
1414,2018-09-28,2018-09,2018,9
1415,2018-09-29,2018-09,2018,9
1416,2018-09-30,2018-09,2018,9
1417,2018-10-01,2018-10,2018,9
1418,2018-10-05,2018-10,2018,9
1419,2018-10-06,2018-10,2018,9
1420,2018-10-07,2018-10,2018,9
1421,2018-10-19,2018-10,2018,9
1422,2018-10-20,2018-10,2018,9
1423,2018-10-21,2018-10,2018,9
1424,2018-10-22,2018-10,2018,9
1425,2018-10-26,2018-10,2018,9
1426,2018-10-27,2018-10,2018,9
1427,2018-10-28,2018-10,2018,9
1428,2018-11-03,2018-11,2018,9
1429,2018-11-04,2018-11,2018,9
1430,2018-11-05,2018-11,2018,9
1431,2018-11-09,2018-11,2018,9
1432,2018-11-10,2018-11,2018,9
1433,2018-11-11,2018-11,2018,9
1434,2018-11-23,2018-11,2018,9
1435,2018-11-24,2018-11,2018,9
1436,2018-11-25,2018-11,2018,9
1437,2018-11-26,2018-11,2018,9
1438,2018-11-30,2018-11,2018,9
1439,2018-12-01,2018-12,2018,9
1440,2018-12-02,2018-12,2018,9
1441,2018-12-03,2018-12,2018,9
1442,2018-12-07,2018-12,2018,9
1443,2018-12-08,2018-12,2018,9
1444,2018-12-09,2018-12,2018,9
1445,2018-12-10,2018-12,2018,9
1446,2018-12-14,2018-12,2018,9
1447,2018-12-15,2018-12,2018,9
1448,2018-12-16,2018-12,2018,9
1449,2018-12-17,2018-12,2018,9
1450,2018-12-21,2018-12,2018,9
1451,2018-12-22,2018-12,2018,9
1452,2018-12-23,2018-12,2018,9
1453,2019-01-03,2019-01,2019,9
1454,2019-01-04,2019-01,2019,9
1455,2019-01-05,2019-01,2019,9
1456,2019-01-06,2019-01,2019,9
1457,2019-01-07,2019-01,2019,9
1458,2019-01-11,2019-01,2019,9
1459,2019-01-12,2019-01,2019,9
1460,2019-01-13,2019-01,2019,9
1461,2019-01-14,2019-01,2019,9
1462,2019-01-18,2019-01,2019,9
1463,2019-01-19,2019-01,2019,9
1464,2019-01-20,2019-01,2019,9
1465,2019-01-21,2019-01,2019,9
1466,2019-01-26,2019-01,2019,9
1467,2019-01-27,2019-01,2019,9
1468,2019-01-28,2019-01,2019,9
1469,2019-02-01,2019-02,2019,9
1470,2019-02-02,2019-02,2019,9
1471,2019-02-03,2019-02,2019,9
1472,2019-02-04,2019-02,2019,9
1473,2019-02-08,2019-02,2019,9
1474,2019-02-09,2019-02,2019,9
1475,2019-02-10,2019-02,2019,9
1476,2019-02-11,2019-02,2019,9
1477,2019-02-15,2019-02,2019,9
1478,2019-02-16,2019-02,2019,9
1479,2019-02-17,2019-02,2019,9
1480,2019-02-18,2019-02,2019,9
1481,2019-02-22,2019-02,2019,9
1482,2019-02-23,2019-02,2019,9
1483,2019-02-24,2019-02,2019,9
1484,2019-02-25,2019-02,2019,9
1485,2019-03-01,2019-03,2019,9
1486,2019-03-02,2019-03,2019,9
1487,2019-03-03,2019-03,2019,9
1488,2019-03-04,2019-03,2019,9
1489,2019-03-08,2019-03,2019,9
1490,2019-03-09,2019-03,2019,9
1491,2019-03-10,2019-03,2019,9
1492,2019-03-15,2019-03,2019,9
1493,2019-03-16,2019-03,2019,9
1494,2019-03-17,2019-03,2019,9
1495,2019-03-29,2019-03,2019,9
1496,2019-03-30,2019-03,2019,9
1497,2019-03-31,2019-03,2019,9
1498,2019-04-02,2019-04,2019,9
1499,2019-04-03,2019-04,2019,9
1500,2019-04-04,2019-04,2019,9
1501,2019-04-06,2019-04,2019,9
1502,2019-04-07,2019-04,2019,9
1503,2019-04-13,2019-04,2019,9
1504,2019-04-14,2019-04,2019,9
1505,2019-04-15,2019-04,2019,9
1506,2019-04-19,2019-04,2019,9
1507,2019-04-20,2019-04,2019,9
1508,2019-04-21,2019-04,2019,9
1509,2019-04-23,2019-04,2019,9
1510,2019-04-24,2019-04,2019,9
1511,2019-04-25,2019-04,2019,9
1512,2019-04-27,2019-04,2019,9
1513,2019-04-28,2019-04,2019,9
1514,2019-04-29,2019-04,2019,9
1515,2019-05-03,2019-05,2019,9
1516,2019-05-04,2019-05,2019,9
1517,2019-05-05,2019-05,2019,9
1518,2019-05-12,2019-05,2019,9
1519,2018-08-10,2018-08,2018,9
1520,2018-08-11,2018-08,2018,9
1521,2018-08-12,2018-08,2018,9
1522,2018-10-29,2018-10,2018,9
1523,2018-12-04,2018-12,2018,9
1524,2018-12-05,2018-12,2018,9
1525,2018-12-26,2018-12,2018,9
1526,2018-12-27,2018-12,2018,9
1527,2018-12-29,2018-12,2018,9
1528,2018-12-30,2018-12,2018,9
1529,2019-01-01,2019-01,2019,9
1530,2019-01-02,2019-01,2019,9
1531,2019-01-29,2019-01,2019,9
1532,2019-01-30,2019-01,2019,9
1533,2019-02-06,2019-02,2019,9
1534,2019-02-26,2019-02,2019,9
1535,2019-02-27,2019-02,2019,9
1536,2019-04-16,2019-04,2019,9
1537,2019-04-01,2019-04,2019,9
1538,2019-04-05,2019-04,2019,9
1539,2019-04-08,2019-04,2019,9
1540,2019-04-12,2019-04,2019,9
1541,2019-04-22,2019-04,2019,9
1542,2019-04-26,2019-04,2019,9
1543,2019-05-06,2019-05,2019,9
1544,2018-11-02,2018-11,2018,9
1545,2018-12-19,2018-12,2018,9
1546,2018-12-18,2018-12,2018,9
1547,2019-01-25,2019-01,2019,9
1548,2019-03-11,2019-03,2019,9
1549,2019-05-11,2019-05,2019,9
1550,2019-01-15,2019-01,2019,9
1551,2019-01-16,2019-01,2019,9
1552,2019-02-20,2019-02,2019,9
1553,2019-01-08,2019-01,2019,9
1554,2019-02-05,2019-02,2019,9
1555,2019-03-12,2019-03,2019,9
1556,2019-01-23,2019-01,2019,9
1557,2019-02-13,2019-02,2019,9
1558,2019-03-05,2019-03,2019,9
1559,2019-04-09,2019-04,2019,9
1560,2019-04-17,2019-04,2019,9
1561,2019-04-30,2019-04,2019,9
1562,2019-05-01,2019-05,2019,9
1563,2019-05-10,2019-05,2019,9
1564,2018-09-19,2018-09,2018,9
1565,2018-10-31,2018-10,2018,9
1566,2019-02-07,2019-02,2019,9
