key_position,key_team,key_season,position
1,1,1,19
2,2,1,11
3,3,1,14
4,4,1,8
5,5,1,15
6,6,1,18
7,7,1,9
8,8,1,12
9,9,1,17
10,10,1,7
11,11,1,1
12,12,1,3
13,13,1,2
14,14,1,6
15,15,1,16
16,16,1,10
17,17,1,13
18,18,1,4
19,19,1,5
20,20,1,20
21,21,1,1
22,22,1,6
23,23,1,2
24,24,1,7
25,25,1,3
26,26,1,5
27,27,1,9
28,28,1,15
29,29,1,16
30,30,1,14
31,31,1,10
32,32,1,17
33,33,1,2
34,34,1,6
35,35,1,1
36,36,1,4
37,37,1,18
38,38,1,7
39,39,1,13
40,40,1,11
41,41,1,20
42,42,1,12
43,43,1,8
44,44,1,19
45,45,1,3
46,46,1,11
47,47,1,16
48,48,1,10
49,49,1,9
50,50,1,4
51,51,1,8
52,52,1,5
53,53,1,1
54,54,1,7
55,55,1,14
56,56,1,13
57,57,1,15
58,58,1,17
59,59,1,6
60,60,1,18
61,61,1,2
62,62,1,12
63,63,1,9
64,64,1,19
65,65,1,3
66,66,1,2
67,67,1,17
68,68,1,4
69,69,1,6
70,70,1,5
71,71,1,8
72,72,1,14
73,73,1,16
74,74,1,11
75,75,1,13
76,76,1,10
77,77,1,12
78,78,1,20
79,79,1,7
80,80,1,15
81,81,1,18
82,82,1,4
83,83,1,20
84,84,1,11
85,85,1,1
86,86,1,12
87,87,1,18
88,88,1,8
89,89,1,9
90,90,1,16
91,91,1,14
92,92,1,15
93,93,1,19
94,94,1,13
95,95,1,10
96,96,1,17
97,97,1,5
98,98,1,3
99,59,2,10
100,8,2,20
101,4,2,14
102,5,2,12
103,99,2,13
104,7,2,7
105,100,2,15
106,2,2,4
107,3,2,6
108,13,2,1
109,18,2,18
110,16,2,19
111,12,2,3
112,101,2,17
113,10,2,5
114,14,2,10
115,9,2,8
116,15,2,11
117,17,2,16
118,19,2,9
119,11,2,2
120,21,2,3
121,28,2,19
122,43,2,9
123,34,2,8
124,102,2,17
125,29,2,15
126,42,2,5
127,39,2,14
128,40,2,10
129,25,2,1
130,26,2,4
131,31,2,13
132,36,2,3
133,27,2,16
134,38,2,7
135,103,2,11
136,33,2,6
137,104,2,12
138,32,2,20
139,30,2,18
140,35,2,2
141,53,2,1
142,56,2,9
143,50,2,7
144,62,2,6
145,48,2,17
146,105,2,14
147,106,2,16
148,52,2,13
149,45,2,2
150,55,2,3
151,51,2,15
152,49,2,12
153,46,2,11
154,57,2,8
155,47,2,4
156,54,2,18
157,61,2,5
158,107,2,16
159,73,2,15
160,80,2,18
161,66,2,10
162,72,2,1
163,75,2,11
164,67,2,13
165,68,2,2
166,108,2,19
167,79,2,5
168,74,2,17
169,65,2,4
170,69,2,6
171,76,2,7
172,70,2,14
173,71,2,8
174,77,2,12
175,63,2,20
176,109,2,9
177,97,2,4
178,81,3,3
179,80,3,13
180,110,2,14
181,91,2,15
182,82,2,3
183,111,2,12
184,90,2,9
185,23,2,6
186,98,2,5
187,112,2,19
188,86,2,8
189,85,2,2
190,92,2,20
191,24,2,1
192,94,2,11
193,84,2,10
194,89,2,13
195,95,2,17
196,96,2,18
197,22,2,7
198,88,2,16
199,113,4,17
200,19,4,9
201,9,4,18
202,13,4,2
203,14,4,12
204,11,4,1
205,3,4,11
206,6,4,19
207,100,4,8
208,17,4,20
209,5,4,4
210,4,4,13
211,99,4,7
212,2,4,6
213,7,4,16
214,15,4,10
215,101,4,15
216,12,4,5
217,114,4,14
218,10,4,3
219,67,3,11
220,36,4,4
221,43,4,12
222,102,4,20
223,115,4,19
224,40,4,8
225,41,4,10
226,42,4,16
227,29,4,18
228,25,4,2
229,38,4,6
230,103,4,9
231,27,4,15
232,35,4,1
233,104,4,11
234,116,4,14
235,26,4,5
236,33,4,3
237,39,4,13
238,34,4,7
239,31,4,17
240,53,4,2
241,47,4,8
242,49,4,5
243,105,4,15
244,51,4,7
245,117,4,18
246,58,4,6
247,62,4,12
248,50,4,9
249,52,4,13
250,55,4,4
251,61,4,3
252,56,4,14
253,59,4,10
254,46,4,16
255,118,4,17
256,57,4,11
257,45,4,1
258,72,4,9
259,75,4,18
260,76,4,5
261,119,4,19
262,109,4,16
263,70,4,15
264,67,4,4
265,68,4,1
266,69,4,13
267,120,4,14
268,21,4,6
269,65,4,3
270,74,4,8
271,121,4,12
272,73,4,20
273,71,4,10
274,77,4,11
275,79,4,7
276,66,4,2
277,107,4,17
278,22,5,2
279,89,4,4
280,24,4,1
281,85,4,3
282,111,4,15
283,84,4,12
284,95,4,17
285,88,4,18
286,122,4,20
287,22,4,6
288,110,4,19
289,123,4,16
290,90,4,13
291,82,4,5
292,91,4,11
293,94,4,8
294,23,4,9
295,97,4,7
296,98,4,2
297,86,4,10
298,87,4,14
299,5,5,7
300,114,5,19
301,12,5,8
302,11,5,2
303,13,5,3
304,7,5,18
305,19,5,5
306,100,5,12
307,113,5,9
308,20,5,17
309,15,5,13
310,14,5,4
311,124,5,16
312,4,5,14
313,18,5,6
314,10,5,1
315,3,5,10
316,2,5,11
317,99,5,20
318,101,5,15
319,34,5,2
320,36,5,4
321,104,5,18
322,31,5,14
323,40,5,17
324,41,5,13
325,103,5,12
326,125,5,11
327,33,5,3
328,25,5,1
329,43,5,19
330,39,5,9
331,126,5,16
332,116,5,8
333,38,5,5
334,42,5,10
335,27,5,15
336,127,5,20
337,26,5,6
338,35,5,7
339,45,5,1
340,46,5,9
341,61,5,4
342,50,5,10
343,105,5,8
344,106,5,11
345,128,5,18
346,52,5,7
347,55,5,3
348,62,5,15
349,57,5,5
350,56,5,12
351,49,5,14
352,51,5,16
353,58,5,13
354,47,5,6
355,59,5,17
356,53,5,2
357,72,5,15
358,79,5,7
359,109,5,14
360,21,5,3
361,65,5,5
362,129,5,13
363,69,5,12
364,77,5,19
365,107,5,20
366,130,5,16
367,70,5,18
368,66,5,6
369,121,5,10
370,67,5,17
371,120,5,11
372,76,5,4
373,71,5,9
374,81,5,2
375,74,5,8
376,68,5,1
377,66,3,4
378,79,3,6
379,65,3,2
380,131,5,10
381,87,5,12
382,23,5,5
383,91,5,15
384,97,5,9
385,132,5,20
386,98,5,3
387,86,5,6
388,123,5,7
389,89,5,4
390,84,5,16
391,24,5,1
392,111,5,11
393,90,5,19
394,94,5,18
395,95,5,14
396,85,5,8
397,133,5,17
398,82,5,13
399,71,3,17
400,72,3,7
401,100,3,11
402,2,3,9
403,19,3,5
404,101,3,17
405,20,3,19
406,134,3,18
407,11,3,1
408,113,3,8
409,3,3,14
410,13,3,2
411,15,3,15
412,12,3,4
413,135,3,20
414,14,3,7
415,10,3,3
416,4,3,10
417,18,3,6
418,5,3,12
419,6,3,16
420,124,3,13
421,109,3,18
422,120,3,15
423,69,3,9
424,38,3,11
425,126,3,18
426,35,3,4
427,136,3,14
428,102,3,20
429,39,3,9
430,40,3,13
431,41,3,12
432,36,3,3
433,34,3,6
434,42,3,15
435,137,3,19
436,27,3,17
437,33,3,1
438,125,3,10
439,116,3,7
440,103,3,8
441,26,3,5
442,31,3,16
443,25,3,2
444,21,3,8
445,129,3,14
446,45,3,1
447,48,3,12
448,58,3,9
449,106,3,15
450,50,3,13
451,46,3,8
452,53,3,7
453,138,3,18
454,47,3,3
455,105,3,5
456,51,3,16
457,62,3,14
458,56,3,10
459,57,3,2
460,61,3,4
461,55,3,6
462,52,3,11
463,49,3,17
464,121,3,12
465,130,3,10
466,68,3,1
467,64,3,20
468,74,3,16
469,139,3,19
470,76,3,5
471,84,3,14
472,22,3,2
473,85,3,10
474,111,3,17
475,92,3,19
476,95,3,6
477,88,3,11
478,133,3,12
479,123,3,9
480,82,3,16
481,140,3,15
482,24,3,1
483,87,3,7
484,91,3,18
485,89,3,4
486,23,3,8
487,97,3,3
488,98,3,5
489,86,3,20
490,131,3,13
491,15,6,19
492,6,6,15
493,2,6,8
494,4,6,13
495,10,6,3
496,100,6,18
497,14,6,5
498,16,6,17
499,3,6,20
500,99,6,10
501,101,6,16
502,18,6,4
503,5,6,9
504,11,6,1
505,113,6,6
506,13,6,2
507,134,6,14
508,12,6,12
509,19,6,7
510,141,6,11
511,35,6,5
512,142,6,16
513,38,6,11
514,136,6,1
515,104,6,19
516,33,6,10
517,36,6,2
518,42,6,18
519,39,6,9
520,40,6,14
521,27,6,20
522,116,6,6
523,31,6,17
524,103,6,12
525,26,6,3
526,143,6,13
527,41,6,7
528,125,6,15
529,25,6,4
530,34,6,8
531,45,6,1
532,61,6,3
533,105,6,12
534,56,6,13
535,52,6,6
536,144,6,14
537,53,6,2
538,57,6,8
539,62,6,17
540,106,6,7
541,55,6,5
542,58,6,16
543,48,6,9
544,50,6,18
545,46,6,15
546,51,6,10
547,145,6,11
548,47,6,4
549,76,6,6
550,21,6,5
551,119,6,20
552,129,6,14
553,67,6,4
554,66,6,13
555,121,6,10
556,72,6,12
557,79,6,11
558,71,6,17
559,65,6,2
560,81,6,3
561,146,6,9
562,130,6,16
563,80,6,7
564,69,6,8
565,120,6,18
566,74,6,15
567,68,6,1
568,147,6,19
569,131,6,20
570,97,6,8
571,24,6,1
572,133,6,6
573,87,6,15
574,88,6,16
575,23,6,4
576,148,6,19
577,89,6,5
578,140,6,10
579,90,6,14
580,85,6,7
581,22,6,3
582,82,6,17
583,123,6,12
584,98,6,2
585,95,6,11
586,84,6,9
587,149,6,18
588,111,6,13
589,2,7,11
590,6,7,16
591,11,7,2
592,101,7,20
593,19,7,4
594,16,7,18
595,5,7,6
596,10,7,3
597,113,7,13
598,12,7,12
599,99,7,15
600,4,7,8
601,7,7,19
602,134,7,10
603,13,7,1
604,150,7,17
605,151,7,9
606,141,7,14
607,14,7,7
608,18,7,5
609,126,7,18
610,38,7,7
611,116,7,8
612,125,7,14
613,137,7,16
614,152,7,19
615,25,7,3
616,142,7,9
617,36,7,5
618,33,7,1
619,35,7,6
620,39,7,13
621,40,7,10
622,143,7,17
623,26,7,2
624,103,7,15
625,136,7,12
626,31,7,20
627,41,7,11
628,34,7,4
629,95,7,16
630,122,7,20
631,45,7,1
632,58,7,11
633,105,7,13
634,51,7,14
635,48,7,5
636,53,7,3
637,47,7,9
638,106,7,6
639,46,7,4
640,55,7,10
641,144,7,18
642,57,7,16
643,145,7,17
644,49,7,7
645,61,7,12
646,153,7,2
647,56,7,8
648,52,7,15
649,66,7,5
650,121,7,20
651,81,7,1
652,79,7,6
653,139,7,14
654,108,7,16
655,80,7,17
656,72,7,15
657,75,7,19
658,67,7,3
659,65,7,4
660,129,7,7
661,69,7,9
662,71,7,13
663,21,7,11
664,146,7,12
665,74,7,18
666,130,7,10
667,76,7,8
668,68,7,2
669,22,7,2
670,24,7,1
671,85,7,6
672,84,7,14
673,90,7,15
674,140,7,18
675,111,7,4
676,88,7,19
677,97,7,5
678,98,7,3
679,23,7,7
680,133,7,12
681,123,7,9
682,87,7,10
683,82,7,13
684,89,7,8
685,154,7,17
686,91,7,11
687,150,8,17
688,12,8,4
689,113,8,13
690,155,8,10
691,19,8,7
692,14,8,16
693,11,8,1
694,6,8,18
695,3,8,15
696,2,8,20
697,5,8,12
698,99,8,6
699,151,8,14
700,141,8,19
701,4,8,11
702,134,8,9
703,15,8,8
704,13,8,3
705,18,8,5
706,10,8,2
707,36,8,6
708,143,8,14
709,33,8,5
710,40,8,20
711,38,8,8
712,116,8,17
713,125,8,11
714,156,8,15
715,42,8,10
716,35,8,2
717,103,8,18
718,136,8,9
719,34,8,4
720,142,8,12
721,137,8,7
722,39,8,19
723,157,8,16
724,26,8,3
725,25,8,1
726,41,8,13
727,45,8,1
728,46,8,3
729,57,8,16
730,106,8,10
731,51,8,17
732,52,8,14
733,55,8,2
734,49,8,15
735,47,8,9
736,48,8,18
737,62,8,7
738,61,8,5
739,58,8,8
740,56,8,11
741,105,8,12
742,53,8,4
743,153,8,6
744,50,8,13
745,81,8,2
746,68,8,1
747,119,8,19
748,65,8,3
749,139,8,20
750,76,8,7
751,72,8,10
752,21,8,17
753,146,8,14
754,66,8,4
755,67,8,8
756,69,8,5
757,129,8,9
758,80,8,16
759,71,8,18
760,79,8,6
761,158,8,13
762,159,8,15
763,108,8,11
764,130,8,12
765,23,8,4
766,82,8,14
767,85,8,6
768,24,8,1
769,131,8,19
770,111,8,7
771,154,8,18
772,90,8,15
773,87,8,10
774,97,8,5
775,133,8,11
776,95,8,12
777,160,8,20
778,22,8,3
779,123,8,9
780,84,8,13
781,89,8,8
782,161,8,17
783,98,8,2
784,91,8,16
785,155,9,18
786,99,9,10
787,113,9,17
788,18,9,14
789,11,9,1
790,134,9,12
791,100,9,20
792,13,9,3
793,12,9,4
794,14,9,8
795,15,9,5
796,150,9,13
797,151,9,11
798,10,9,2
799,114,9,16
800,4,9,7
801,19,9,6
802,3,9,15
803,162,9,19
804,5,9,9
805,35,9,6
806,42,9,13
807,43,9,19
808,143,9,11
809,157,9,20
810,142,9,14
811,32,9,7
812,116,9,16
813,34,9,2
814,36,9,5
815,127,9,18
816,26,9,4
817,41,9,10
818,136,9,9
819,38,9,8
820,33,9,3
821,137,9,15
822,25,9,1
823,156,9,17
824,125,9,12
825,45,9,1
826,49,9,13
827,118,9,10
828,106,9,11
829,57,9,6
830,56,9,8
831,47,9,5
832,52,9,12
833,53,9,2
834,50,9,17
835,46,9,9
836,61,9,4
837,58,9,7
838,105,9,15
839,59,9,18
840,62,9,16
841,153,9,3
842,55,9,14
843,66,9,5
844,129,9,12
845,146,9,13
846,21,9,2
847,72,9,6
848,67,9,7
849,76,9,4
850,65,9,3
851,79,9,14
852,68,9,1
853,120,9,8
854,130,9,20
855,158,9,15
856,80,9,19
857,108,9,18
858,81,9,17
859,69,9,10
860,159,9,11
861,71,9,16
862,163,9,9
863,84,9,20
864,97,9,8
865,123,9,7
866,140,9,18
867,90,9,10
868,133,9,11
869,86,9,14
870,111,9,3
871,87,9,9
872,85,9,5
873,24,9,1
874,98,9,2
875,161,9,13
876,148,9,19
877,95,9,17
878,91,9,15
879,89,9,16
880,82,9,12
881,23,9,4
882,22,9,6
